PassengerId,Survived,Pclass,Name,Sex,Age,SibSp,Parch,Ticket,Fare,Cabin,Embarked
1,0,3,Passenger_0,female,43.0,1,0,TKT-6362,27.92,,C
2,1,1,Passenger_1,female,41.3,1,0,TKT-9097,31.65,,S
3,0,2,Passenger_2,male,1.0,0,0,TKT-6599,5.19,,C
4,0,1,Passenger_3,male,,0,0,TKT-91988,12.77,,S
5,1,2,Passenger_4,female,,2,0,TKT-48373,5.8,,S
6,0,3,Passenger_5,male,,1,0,TKT-5258,49.95,,S
7,0,3,Passenger_6,female,23.5,0,0,TKT-92066,10.04,,S
8,0,3,Passenger_7,male,47.6,1,0,TKT-54271,70.05,,C
9,0,3,Passenger_8,male,34.7,0,0,TKT-73176,37.99,A63,Q
10,0,2,Passenger_9,male,22.0,0,2,TKT-38056,13.34,,S
11,0,3,Passenger_10,male,,0,2,TKT-18261,10.49,,S
12,0,3,Passenger_11,female,25.8,0,0,TKT-52696,36.61,,S
13,0,3,Passenger_12,male,,1,2,TKT-38827,78.95,,S
14,0,3,Passenger_13,male,9.0,0,0,TKT-16141,45.55,,Q
15,0,3,Passenger_14,male,19.6,0,0,TKT-27752,18.71,,S
16,0,3,Passenger_15,male,,2,3,TKT-90084,33.33,,S
17,0,2,Passenger_16,male,28.0,2,0,TKT-82438,16.91,,S
18,0,3,Passenger_17,female,,1,0,TKT-94219,231.23,B29,S
19,1,1,Passenger_18,male,17.7,0,0,TKT-53680,49.21,,C
20,0,2,Passenger_19,male,,0,0,TKT-19792,35.49,,S
21,0,2,Passenger_20,male,21.8,1,0,TKT-38628,22.61,,S
22,1,1,Passenger_21,male,,0,0,TKT-54100,35.81,E40,C
23,1,1,Passenger_22,male,20.2,0,0,TKT-68870,18.37,,C
24,1,1,Passenger_23,male,13.2,0,0,TKT-1767,5.94,C73,C
25,0,3,Passenger_24,female,32.4,0,0,TKT-98180,21.09,,Q
26,0,3,Passenger_25,female,27.6,0,2,TKT-27992,90.32,,Q
27,1,3,Passenger_26,female,38.6,0,1,TKT-30570,36.5,,S
28,0,2,Passenger_27,male,41.4,0,0,TKT-65697,7.81,,S
29,1,3,Passenger_28,male,,0,0,TKT-78273,74.21,,S
30,0,3,Passenger_29,male,33.9,0,1,TKT-79908,15.02,,C
31,0,1,Passenger_30,female,23.6,0,0,TKT-93421,13.94,,S
32,0,3,Passenger_31,female,37.9,1,0,TKT-87126,16.28,,S
33,1,3,Passenger_32,male,32.3,1,0,TKT-62580,32.55,,S
34,0,1,Passenger_33,male,,0,1,TKT-1744,30.18,D57,C
35,0,3,Passenger_34,female,19.1,0,0,TKT-93694,26.64,D4,S
36,0,3,Passenger_35,female,32.8,0,0,TKT-21558,45.45,,S
37,1,1,Passenger_36,female,45.3,0,0,TKT-59861,17.18,C19,S
38,1,1,Passenger_37,female,41.6,0,0,TKT-33259,53.75,,C
39,1,1,Passenger_38,female,,0,0,TKT-22450,11.17,,S
40,0,2,Passenger_39,male,17.3,1,0,TKT-57949,53.84,,S
41,0,3,Passenger_40,female,19.3,0,0,TKT-37929,39.88,,S
42,0,3,Passenger_41,female,20.6,0,0,TKT-47589,41.78,,S
43,0,2,Passenger_42,female,3.6,0,0,TKT-76122,26.02,,S
44,0,3,Passenger_43,male,40.1,1,1,TKT-1286,40.19,,S
45,1,2,Passenger_44,male,22.6,0,1,TKT-69783,7.66,,S
46,1,1,Passenger_45,male,35.5,1,0,TKT-98510,66.04,B119,C
47,1,2,Passenger_46,male,24.6,0,0,TKT-44562,6.83,A78,S
48,0,3,Passenger_47,female,28.7,1,0,TKT-71635,10.15,,S
49,0,2,Passenger_48,male,19.4,1,0,TKT-17387,32.52,,C
50,0,2,Passenger_49,male,28.6,2,0,TKT-23319,48.03,,S
51,1,1,Passenger_50,female,16.8,0,0,TKT-1411,7.54,,S
52,0,3,Passenger_51,male,28.7,0,0,TKT-21729,86.13,,S
53,0,3,Passenger_52,male,49.4,0,0,TKT-86647,121.31,,C
54,0,2,Passenger_53,male,36.3,2,2,TKT-16704,34.8,,C
55,0,2,Passenger_54,male,33.1,0,0,TKT-11109,26.0,,S
56,0,3,Passenger_55,male,10.5,0,0,TKT-67892,48.28,C60,S
57,1,3,Passenger_56,female,36.9,0,0,TKT-32172,17.74,C77,S
58,1,2,Passenger_57,male,,0,1,TKT-74885,26.75,,S
59,0,3,Passenger_58,female,32.8,0,1,TKT-18984,84.32,,S
60,0,3,Passenger_59,male,32.0,0,0,TKT-28460,104.7,D7,S
61,0,3,Passenger_60,male,27.0,0,0,TKT-39474,88.78,,S
62,0,3,Passenger_61,male,38.1,0,0,TKT-45449,14.74,,S
63,0,3,Passenger_62,male,48.6,2,0,TKT-8196,13.47,,S
64,0,3,Passenger_63,male,,1,0,TKT-87993,16.31,,S
65,0,1,Passenger_64,male,15.4,1,0,TKT-52534,23.63,B86,S
66,0,2,Passenger_65,male,16.5,0,0,TKT-14549,17.07,,S
67,0,3,Passenger_66,male,39.2,1,0,TKT-10821,20.0,,C
68,0,2,Passenger_67,male,15.5,0,0,TKT-36564,36.02,,S
69,0,3,Passenger_68,male,31.8,0,0,TKT-12073,51.01,,S
70,0,3,Passenger_69,female,24.2,0,0,TKT-8282,47.56,,S
71,0,3,Passenger_70,female,14.0,0,1,TKT-62146,58.9,,S
72,0,3,Passenger_71,male,40.7,0,0,TKT-20189,6.05,,S
73,0,2,Passenger_72,male,38.9,4,2,TKT-75783,6.57,,Q
74,0,3,Passenger_73,female,10.0,0,0,TKT-11771,54.85,,S
75,0,3,Passenger_74,male,,0,2,TKT-62492,29.37,,S
76,1,2,Passenger_75,female,,0,2,TKT-44725,32.62,,S
77,0,3,Passenger_76,male,40.7,0,0,TKT-23234,6.73,,Q
78,1,1,Passenger_77,female,31.3,0,2,TKT-90282,14.43,,Q
79,0,3,Passenger_78,male,49.0,0,0,TKT-35096,37.55,,S
80,1,3,Passenger_79,female,27.2,1,0,TKT-13236,67.73,,S
81,1,2,Passenger_80,male,25.2,0,0,TKT-52544,84.64,B5,S
82,0,3,Passenger_81,female,15.4,0,0,TKT-36921,27.21,,S
83,0,3,Passenger_82,male,,1,0,TKT-25576,30.23,,S
84,0,1,Passenger_83,male,14.7,1,1,TKT-1166,62.28,,C
85,0,1,Passenger_84,female,32.1,1,0,TKT-15652,29.68,,C
86,0,2,Passenger_85,male,,0,0,TKT-20638,28.28,,S
87,1,3,Passenger_86,female,33.6,0,0,TKT-87980,80.35,,S
88,0,3,Passenger_87,male,12.1,0,0,TKT-16233,54.93,,S
89,0,3,Passenger_88,female,17.0,1,0,TKT-2885,81.73,,S
90,0,3,Passenger_89,male,,1,2,TKT-54520,12.88,,S
91,0,3,Passenger_90,female,59.4,0,0,TKT-96900,28.78,,S
92,1,2,Passenger_91,female,26.7,0,0,TKT-81244,64.14,,S
93,0,3,Passenger_92,male,,1,1,TKT-36016,8.77,,S
94,0,1,Passenger_93,female,27.9,0,0,TKT-69948,55.66,A99,C
95,0,2,Passenger_94,female,50.7,0,0,TKT-65810,11.47,D77,S
96,0,3,Passenger_95,male,6.4,0,0,TKT-12769,57.83,,S
97,0,1,Passenger_96,male,28.2,0,0,TKT-82483,35.3,,S
98,0,3,Passenger_97,male,6.3,4,3,TKT-44147,11.87,,S
99,0,3,Passenger_98,female,1.0,0,0,TKT-7449,25.52,,Q
100,0,2,Passenger_99,male,18.7,0,0,TKT-43179,41.65,,C
101,1,2,Passenger_100,male,34.8,0,0,TKT-9136,37.15,,S
102,0,3,Passenger_101,male,17.8,0,0,TKT-99663,22.83,,S
103,0,3,Passenger_102,male,34.5,0,1,TKT-72986,78.48,,S
104,1,2,Passenger_103,female,,0,2,TKT-43999,28.44,,Q
105,1,2,Passenger_104,female,27.1,0,1,TKT-90567,27.56,,S
106,0,3,Passenger_105,male,46.7,1,0,TKT-32052,7.06,,S
107,0,3,Passenger_106,male,20.7,1,0,TKT-62281,86.68,,S
108,1,1,Passenger_107,female,34.3,0,0,TKT-12346,11.24,,C
109,0,2,Passenger_108,male,,0,0,TKT-58677,29.05,,S
110,0,3,Passenger_109,male,30.4,4,0,TKT-15852,57.08,,S
111,1,3,Passenger_110,male,25.4,0,0,TKT-73603,12.76,,S
112,0,3,Passenger_111,male,12.4,1,2,TKT-32485,28.98,,Q
113,0,3,Passenger_112,male,34.6,0,0,TKT-76225,13.81,,S
114,0,3,Passenger_113,female,18.7,1,0,TKT-84337,50.63,,Q
115,0,1,Passenger_114,male,53.3,1,0,TKT-25272,31.59,,S
116,0,3,Passenger_115,female,1.0,0,0,TKT-4763,67.01,,S
117,0,1,Passenger_116,male,32.5,1,0,TKT-60087,76.99,,Q
118,0,3,Passenger_117,male,29.6,2,0,TKT-55848,38.48,,Q
119,0,3,Passenger_118,female,25.1,0,0,TKT-31075,46.36,,S
120,1,2,Passenger_119,male,21.6,0,0,TKT-29692,30.5,,S
121,0,3,Passenger_120,male,30.0,0,0,TKT-93085,20.53,D32,S
122,0,3,Passenger_121,male,43.9,1,0,TKT-67414,38.42,,S
123,1,1,Passenger_122,male,5.6,0,0,TKT-29848,81.45,C29,S
124,0,3,Passenger_123,female,17.7,0,0,TKT-97277,22.25,,S
125,1,2,Passenger_124,male,14.3,0,0,TKT-20268,17.08,B6,S
126,1,2,Passenger_125,female,13.6,1,2,TKT-77323,20.74,,S
127,0,3,Passenger_126,male,33.8,0,0,TKT-42620,23.29,C27,S
128,1,2,Passenger_127,male,,0,0,TKT-98207,7.45,,S
129,1,3,Passenger_128,female,,1,1,TKT-77872,27.08,,S
130,1,1,Passenger_129,female,37.5,0,0,TKT-94274,26.82,,S
131,0,3,Passenger_130,male,38.6,0,0,TKT-80023,33.41,C41,S
132,0,3,Passenger_131,male,9.2,0,0,TKT-41139,19.42,,S
133,0,2,Passenger_132,male,,0,0,TKT-54137,35.39,,S
134,1,2,Passenger_133,female,26.1,0,2,TKT-35037,72.38,,S
135,0,3,Passenger_134,female,43.5,0,0,TKT-79434,104.57,,S
136,0,3,Passenger_135,female,9.7,0,0,TKT-18678,33.04,,C
137,0,2,Passenger_136,male,25.6,0,0,TKT-44051,6.39,,S
138,1,3,Passenger_137,female,42.2,0,0,TKT-19141,116.41,A77,S
139,1,1,Passenger_138,male,29.4,0,0,TKT-76692,44.16,B43,S
140,0,1,Passenger_139,male,,3,0,TKT-25160,18.1,,Q
141,0,3,Passenger_140,male,47.3,0,0,TKT-13835,10.09,,S
142,1,1,Passenger_141,female,12.6,1,0,TKT-10383,9.95,,C
143,0,3,Passenger_142,female,28.7,1,2,TKT-25564,10.88,,S
144,0,3,Passenger_143,male,38.0,0,0,TKT-85761,6.49,,C
145,0,3,Passenger_144,male,58.3,1,0,TKT-39484,79.38,,S
146,0,3,Passenger_145,female,22.6,0,0,TKT-52556,29.9,,S
147,0,3,Passenger_146,male,25.1,1,2,TKT-86482,43.52,B108,C
148,0,3,Passenger_147,male,22.8,0,0,TKT-29280,61.35,C4,S
149,1,3,Passenger_148,female,32.3,1,1,TKT-43782,55.18,,S
150,0,3,Passenger_149,female,37.2,0,0,TKT-51423,73.55,B34,S
151,0,3,Passenger_150,male,,1,1,TKT-27295,114.41,,S
152,0,1,Passenger_151,male,,0,0,TKT-58596,23.5,,C
153,0,3,Passenger_152,male,22.0,1,0,TKT-99236,101.08,,S
154,0,3,Passenger_153,male,,0,0,TKT-99145,46.11,,C
155,1,3,Passenger_154,female,,0,1,TKT-76287,7.35,,C
156,0,3,Passenger_155,male,39.4,0,1,TKT-57953,41.64,,S
157,0,3,Passenger_156,female,40.2,0,1,TKT-75464,42.14,,S
158,0,3,Passenger_157,male,51.8,0,2,TKT-72678,80.62,,C
159,1,1,Passenger_158,male,24.0,2,0,TKT-46955,19.93,,S
160,0,3,Passenger_159,male,21.4,0,0,TKT-52080,33.14,,Q
161,1,2,Passenger_160,female,35.3,2,0,TKT-82793,5.39,,C
162,0,3,Passenger_161,male,45.6,0,1,TKT-65930,17.91,,S
163,0,3,Passenger_162,male,29.8,1,0,TKT-23650,7.06,,C
164,0,1,Passenger_163,male,46.5,0,1,TKT-24212,28.61,,S
165,1,1,Passenger_164,male,38.7,0,0,TKT-68726,59.42,D70,S
166,0,3,Passenger_165,male,26.2,1,0,TKT-67538,12.4,,C
167,0,1,Passenger_166,male,,0,0,TKT-43882,28.99,,C
168,0,2,Passenger_167,male,,0,0,TKT-24038,12.3,,S
169,0,3,Passenger_168,male,,0,1,TKT-74630,9.12,,S
170,0,2,Passenger_169,male,14.0,0,0,TKT-23451,27.89,,S
171,0,3,Passenger_170,male,,0,0,TKT-70288,7.64,,S
172,0,3,Passenger_171,male,43.0,1,0,TKT-56352,33.33,C108,S
173,1,1,Passenger_172,male,,0,0,TKT-21521,6.02,,S
174,0,2,Passenger_173,male,37.7,0,0,TKT-65308,8.61,,S
175,0,3,Passenger_174,female,33.0,0,0,TKT-53854,30.55,D80,C
176,0,3,Passenger_175,male,31.2,0,1,TKT-94304,33.64,,S
177,0,3,Passenger_176,male,11.3,0,0,TKT-94946,5.94,D44,S
178,0,3,Passenger_177,male,,1,0,TKT-38206,32.26,,C
179,0,3,Passenger_178,female,31.6,1,0,TKT-70963,63.34,,C
180,1,1,Passenger_179,female,,0,0,TKT-6556,46.0,,Q
181,1,1,Passenger_180,female,4.5,1,0,TKT-19772,9.5,,S
182,0,2,Passenger_181,male,44.8,0,0,TKT-29063,33.72,A91,S
183,0,1,Passenger_182,male,,1,0,TKT-23709,40.7,,S
184,0,3,Passenger_183,female,,0,0,TKT-51852,6.21,,S
185,0,3,Passenger_184,female,36.8,0,0,TKT-81855,66.87,,S
186,0,1,Passenger_185,male,15.2,0,1,TKT-6383,80.75,,S
187,1,3,Passenger_186,female,23.4,0,2,TKT-2233,65.8,,S
188,1,2,Passenger_187,female,50.1,0,0,TKT-28146,60.71,C108,S
189,0,2,Passenger_188,male,22.2,0,0,TKT-52450,48.72,B15,S
190,0,3,Passenger_189,male,,0,0,TKT-25713,37.11,,S
191,0,2,Passenger_190,male,19.6,0,0,TKT-44758,41.32,,S
192,0,2,Passenger_191,male,,0,1,TKT-81325,57.54,,S
193,1,1,Passenger_192,female,44.5,1,0,TKT-69466,39.76,D93,S
194,0,2,Passenger_193,male,1.0,0,0,TKT-78648,17.71,C23,S
195,0,3,Passenger_194,female,,0,0,TKT-13374,20.09,,S
196,0,3,Passenger_195,female,32.2,0,0,TKT-51985,77.75,D73,S
197,0,2,Passenger_196,male,52.8,2,0,TKT-32012,5.55,,S
198,0,2,Passenger_197,male,13.1,2,1,TKT-85059,43.4,,C
199,0,3,Passenger_198,female,,0,0,TKT-25783,104.08,D94,S
200,1,3,Passenger_199,female,,0,0,TKT-16563,44.2,,S
201,0,2,Passenger_200,female,38.8,0,0,TKT-44193,168.25,,Q
202,1,2,Passenger_201,male,30.8,2,0,TKT-11042,42.23,,S
203,0,3,Passenger_202,male,8.8,0,0,TKT-60031,6.12,,S
204,0,3,Passenger_203,male,,0,0,TKT-44163,61.14,,S
205,1,1,Passenger_204,female,50.7,0,0,TKT-89356,15.72,E47,C
206,0,3,Passenger_205,male,32.7,0,0,TKT-97788,23.9,,S
207,1,1,Passenger_206,female,31.3,0,1,TKT-3208,16.97,D9,S
208,0,3,Passenger_207,male,32.1,0,0,TKT-14796,15.01,,S
209,1,3,Passenger_208,female,34.8,0,2,TKT-91962,23.07,,S
210,1,3,Passenger_209,female,11.3,0,0,TKT-23670,20.23,D33,S
211,0,3,Passenger_210,male,25.8,0,0,TKT-25320,37.11,,C
212,0,2,Passenger_211,male,26.5,0,1,TKT-21074,58.68,,S
213,1,1,Passenger_212,male,22.2,0,0,TKT-28931,16.28,,S
214,0,3,Passenger_213,male,38.6,1,1,TKT-19993,12.69,,S
215,0,1,Passenger_214,male,20.1,0,0,TKT-56330,40.18,,S
216,0,2,Passenger_215,male,,0,0,TKT-33991,40.51,B25,C
217,0,1,Passenger_216,male,,0,0,TKT-16003,79.05,B111,S
218,0,3,Passenger_217,female,34.3,0,1,TKT-48496,5.51,,S
219,0,3,Passenger_218,male,,0,2,TKT-15743,66.36,A96,S
220,0,2,Passenger_219,male,23.9,0,0,TKT-53926,28.55,E71,S
221,1,2,Passenger_220,female,40.3,0,0,TKT-80543,36.07,,S
222,0,3,Passenger_221,male,26.9,0,0,TKT-25300,8.07,,C
223,1,3,Passenger_222,female,1.0,0,3,TKT-82711,23.13,,S
224,1,3,Passenger_223,female,,0,0,TKT-72509,13.25,,C
225,0,3,Passenger_224,male,,0,0,TKT-10703,14.39,,S
226,0,3,Passenger_225,male,30.4,0,0,TKT-98849,27.44,,C
227,0,2,Passenger_226,male,32.5,0,0,TKT-85006,58.56,,S
228,0,3,Passenger_227,male,19.4,0,0,TKT-95712,48.58,,S
229,0,1,Passenger_228,male,49.6,0,2,TKT-66014,33.61,,Q
230,0,2,Passenger_229,male,28.1,0,0,TKT-89816,29.81,,S
231,0,3,Passenger_230,male,26.2,0,2,TKT-90403,22.84,,C
232,0,2,Passenger_231,male,39.4,1,0,TKT-41431,120.24,E3,S
233,1,2,Passenger_232,male,29.3,1,0,TKT-57436,31.29,,S
234,0,2,Passenger_233,male,64.9,0,0,TKT-22845,14.38,C92,C
235,0,3,Passenger_234,female,26.1,0,0,TKT-82777,13.37,B86,S
236,0,2,Passenger_235,male,33.9,0,2,TKT-36055,35.24,,S
237,0,3,Passenger_236,male,,0,0,TKT-9878,28.68,,S
238,0,3,Passenger_237,male,41.2,1,0,TKT-11209,5.25,E53,S
239,0,3,Passenger_238,male,33.3,1,0,TKT-59812,61.71,,S
240,0,1,Passenger_239,male,24.3,1,0,TKT-95035,43.97,A80,S
241,0,3,Passenger_240,male,16.8,0,2,TKT-12004,39.69,A56,S
242,0,2,Passenger_241,male,10.7,0,0,TKT-97123,7.28,,S
243,0,1,Passenger_242,male,34.9,1,0,TKT-34390,19.38,,S
244,0,1,Passenger_243,male,9.6,0,0,TKT-29400,92.66,,S
245,0,3,Passenger_244,male,,1,0,TKT-77511,68.51,,C
246,1,1,Passenger_245,male,11.3,0,0,TKT-79121,15.76,,S
247,1,1,Passenger_246,male,26.5,0,0,TKT-7876,10.47,,S
248,1,2,Passenger_247,female,,0,0,TKT-49104,24.08,,C
249,0,2,Passenger_248,female,29.5,0,0,TKT-80135,19.07,,C
250,0,3,Passenger_249,male,29.4,0,3,TKT-91775,41.69,,S
251,0,3,Passenger_250,male,35.2,0,0,TKT-44906,113.62,,S
252,0,3,Passenger_251,male,7.6,0,0,TKT-21378,19.43,,S
253,0,2,Passenger_252,female,,0,3,TKT-27568,7.06,,S
254,0,2,Passenger_253,male,42.6,0,1,TKT-98046,77.93,,C
255,1,3,Passenger_254,female,38.2,0,3,TKT-87224,6.24,,Q
256,1,1,Passenger_255,female,1.0,1,2,TKT-88332,102.68,,Q
257,1,3,Passenger_256,female,34.3,0,0,TKT-31796,39.96,B96,S
258,0,1,Passenger_257,male,14.5,0,0,TKT-87353,95.94,,S
259,0,3,Passenger_258,male,20.7,3,0,TKT-65350,12.13,,Q
260,0,2,Passenger_259,male,25.8,2,0,TKT-56061,6.33,,S
261,0,2,Passenger_260,male,50.8,0,1,TKT-76597,26.43,,S
262,0,3,Passenger_261,male,14.4,1,0,TKT-25401,24.17,,S
263,0,3,Passenger_262,female,,0,0,TKT-4810,17.89,D44,S
264,0,2,Passenger_263,male,35.3,0,0,TKT-90362,106.18,,S
265,0,3,Passenger_264,male,28.6,0,0,TKT-5902,60.34,,C
266,0,3,Passenger_265,male,45.9,0,1,TKT-63734,39.67,E27,S
267,1,1,Passenger_266,female,24.1,1,0,TKT-86148,10.69,,S
268,1,1,Passenger_267,female,46.0,1,0,TKT-50723,47.42,,S
269,0,3,Passenger_268,male,29.2,3,1,TKT-61599,46.55,,S
270,0,1,Passenger_269,male,36.4,1,0,TKT-77199,22.71,,S
271,0,3,Passenger_270,male,51.7,0,0,TKT-14967,87.8,,S
272,0,1,Passenger_271,male,,1,0,TKT-41536,10.85,,S
273,0,2,Passenger_272,male,43.6,4,0,TKT-6135,14.95,,C
274,1,1,Passenger_273,female,20.4,1,1,TKT-63365,7.09,,S
275,0,3,Passenger_274,male,32.2,1,0,TKT-80608,55.78,E15,C
276,1,1,Passenger_275,male,,2,0,TKT-86953,36.11,,S
277,0,1,Passenger_276,male,21.9,0,0,TKT-72979,17.1,,S
278,1,1,Passenger_277,female,14.2,1,2,TKT-22925,10.72,,S
279,0,3,Passenger_278,male,46.1,1,0,TKT-96538,6.31,,S
280,0,1,Passenger_279,male,53.3,2,1,TKT-31993,10.84,,S
281,0,3,Passenger_280,female,,0,0,TKT-66796,24.32,,S
282,0,1,Passenger_281,male,18.2,0,0,TKT-75663,14.09,,S
283,1,1,Passenger_282,female,,1,2,TKT-50483,14.59,,S
284,0,3,Passenger_283,male,,0,0,TKT-25843,71.69,,S
285,0,3,Passenger_284,female,20.6,0,0,TKT-99376,28.16,B59,S
286,0,3,Passenger_285,male,21.3,0,1,TKT-38879,46.81,B10,S
287,0,3,Passenger_286,male,,0,0,TKT-69457,6.16,,S
288,1,3,Passenger_287,female,,0,0,TKT-4888,19.54,,S
289,0,3,Passenger_288,male,37.2,0,0,TKT-66713,25.87,,S
290,0,3,Passenger_289,male,29.7,0,0,TKT-52151,11.6,,S
291,1,2,Passenger_290,male,10.0,0,1,TKT-8426,9.1,,S
292,0,3,Passenger_291,male,3.2,0,1,TKT-71031,70.36,A7,S
293,0,3,Passenger_292,male,35.8,0,0,TKT-99573,94.73,,C
294,0,3,Passenger_293,female,52.9,0,3,TKT-11047,7.63,,S
295,0,1,Passenger_294,female,33.4,0,0,TKT-19039,18.74,C7,C
296,0,1,Passenger_295,male,37.7,0,0,TKT-62096,106.66,E41,S
297,0,3,Passenger_296,male,16.3,1,0,TKT-36301,7.78,,Q
298,1,2,Passenger_297,male,43.2,0,0,TKT-49707,38.02,,S
299,1,2,Passenger_298,female,43.0,0,0,TKT-46114,119.67,,Q
300,1,1,Passenger_299,male,,1,0,TKT-22366,127.46,,S
301,0,3,Passenger_300,male,36.6,0,0,TKT-21745,25.39,,S
302,0,1,Passenger_301,male,4.3,2,0,TKT-44082,10.68,,S
303,0,3,Passenger_302,male,,1,0,TKT-56270,12.22,C109,S
304,0,1,Passenger_303,male,21.0,0,0,TKT-12353,75.52,,C
305,0,3,Passenger_304,male,11.8,0,0,TKT-26080,82.66,C105,C
306,0,3,Passenger_305,female,34.6,0,0,TKT-19788,34.96,E78,Q
307,1,1,Passenger_306,male,4.2,0,0,TKT-35969,51.5,,S
308,0,3,Passenger_307,male,33.8,0,0,TKT-56171,48.1,,S
309,0,2,Passenger_308,male,13.1,0,2,TKT-61633,39.69,,S
310,0,1,Passenger_309,male,10.2,1,1,TKT-6659,61.19,,Q
311,0,3,Passenger_310,male,29.8,0,1,TKT-34921,42.01,C113,S
312,0,2,Passenger_311,male,,0,0,TKT-5161,29.43,,S
313,1,2,Passenger_312,female,,0,0,TKT-16503,13.65,,S
314,0,1,Passenger_313,male,11.0,0,0,TKT-93539,48.59,C46,S
315,0,2,Passenger_314,male,,0,1,TKT-25982,25.52,,Q
316,0,3,Passenger_315,male,,0,0,TKT-70014,16.18,,S
317,1,2,Passenger_316,female,,0,0,TKT-95156,56.81,,S
318,0,3,Passenger_317,female,44.5,3,0,TKT-56910,43.18,,S
319,0,3,Passenger_318,female,33.5,0,0,TKT-53632,93.64,A42,C
320,1,1,Passenger_319,male,17.9,0,3,TKT-28172,10.79,C102,S
321,1,1,Passenger_320,female,7.7,0,0,TKT-76696,38.52,,S
322,0,3,Passenger_321,male,,0,1,TKT-58804,13.96,,S
323,0,2,Passenger_322,male,54.9,0,0,TKT-78467,79.85,,S
324,0,1,Passenger_323,female,24.8,1,1,TKT-97706,8.35,,S
325,1,2,Passenger_324,female,13.5,2,0,TKT-97726,39.16,,S
326,1,3,Passenger_325,male,13.0,0,2,TKT-64107,55.11,,Q
327,0,3,Passenger_326,male,31.4,0,0,TKT-59926,19.03,,Q
328,1,1,Passenger_327,male,,0,0,TKT-74137,103.63,C110,S
329,0,1,Passenger_328,male,2.1,0,0,TKT-70053,65.86,,C
330,0,3,Passenger_329,male,,0,0,TKT-71338,16.17,,S
331,0,3,Passenger_330,female,33.7,0,1,TKT-85295,5.24,,S
332,0,3,Passenger_331,female,54.8,0,2,TKT-74386,16.26,B29,S
333,1,3,Passenger_332,female,45.0,0,0,TKT-7744,15.57,D34,S
334,1,2,Passenger_333,female,,1,0,TKT-89309,75.62,E7,S
335,0,3,Passenger_334,male,,1,0,TKT-72784,114.28,,S
336,1,2,Passenger_335,female,45.9,0,1,TKT-61083,7.34,,C
337,0,2,Passenger_336,male,18.7,0,0,TKT-51123,25.39,,S
338,1,3,Passenger_337,male,22.9,1,0,TKT-73672,30.43,,S
339,0,2,Passenger_338,male,34.8,0,0,TKT-43285,8.12,,S
340,0,3,Passenger_339,male,14.8,1,0,TKT-58496,20.17,A73,S
341,1,2,Passenger_340,female,25.6,0,1,TKT-78336,17.2,,S
342,0,3,Passenger_341,female,,0,0,TKT-63396,29.58,,S
343,0,3,Passenger_342,male,,0,0,TKT-53238,39.63,,C
344,0,2,Passenger_343,female,19.7,1,1,TKT-14417,43.9,,C
345,0,3,Passenger_344,male,43.3,0,0,TKT-91841,9.71,,S
346,1,2,Passenger_345,female,,0,0,TKT-46129,58.64,,S
347,0,3,Passenger_346,male,,0,0,TKT-38719,41.32,,Q
348,0,3,Passenger_347,male,,1,0,TKT-5002,75.36,C40,S
349,0,3,Passenger_348,male,28.9,2,0,TKT-3332,24.09,,S
350,0,3,Passenger_349,male,,4,3,TKT-27149,76.78,E116,S
351,1,1,Passenger_350,male,1.8,2,1,TKT-70911,69.26,,S
352,0,1,Passenger_351,female,25.1,0,1,TKT-95994,23.46,C62,C
353,0,2,Passenger_352,male,27.3,0,2,TKT-99989,20.36,,S
354,0,3,Passenger_353,female,,0,0,TKT-86808,91.41,,S
355,0,3,Passenger_354,female,46.0,0,0,TKT-59923,45.19,,S
356,0,3,Passenger_355,male,,1,0,TKT-18352,89.3,,S
357,0,2,Passenger_356,male,23.9,1,1,TKT-62081,56.02,E5,C
358,1,3,Passenger_357,female,,0,0,TKT-64778,35.07,,S
359,0,1,Passenger_358,male,18.5,0,0,TKT-68569,8.94,E104,S
360,1,3,Passenger_359,female,31.2,2,0,TKT-22645,16.03,,Q
361,0,3,Passenger_360,male,23.3,0,0,TKT-26343,116.0,,S
362,0,2,Passenger_361,male,25.6,0,0,TKT-1645,17.31,B81,S
363,1,1,Passenger_362,female,39.6,0,1,TKT-32775,8.13,,S
364,0,1,Passenger_363,male,23.8,0,0,TKT-5121,44.34,E31,S
365,0,3,Passenger_364,male,40.1,0,2,TKT-64742,47.38,,S
366,0,3,Passenger_365,male,1.7,0,0,TKT-74648,15.76,C109,S
367,0,3,Passenger_366,female,9.0,0,0,TKT-10271,16.31,,S
368,0,2,Passenger_367,female,1.0,4,2,TKT-40204,25.25,,Q
369,0,3,Passenger_368,male,12.7,0,2,TKT-26212,5.7,,S
370,0,3,Passenger_369,male,55.0,0,0,TKT-76828,54.84,,S
371,1,2,Passenger_370,male,,2,0,TKT-24481,17.2,C85,S
372,0,3,Passenger_371,male,,0,0,TKT-95029,66.52,B15,C
373,1,1,Passenger_372,male,,0,0,TKT-96011,56.93,,S
374,0,3,Passenger_373,female,,1,0,TKT-67404,39.65,,C
375,0,3,Passenger_374,male,11.9,0,2,TKT-39682,17.57,,S
376,0,2,Passenger_375,male,64.0,1,0,TKT-62441,28.24,,Q
377,0,3,Passenger_376,female,32.9,0,0,TKT-74749,23.83,,S
378,0,3,Passenger_377,male,34.6,0,0,TKT-60969,18.24,,S
379,0,1,Passenger_378,male,36.0,0,2,TKT-89275,65.31,,S
380,0,3,Passenger_379,male,35.9,0,2,TKT-65747,26.14,,C
381,0,3,Passenger_380,male,20.3,1,0,TKT-2903,62.22,,S
382,0,2,Passenger_381,female,58.6,0,0,TKT-36344,8.56,,S
383,1,1,Passenger_382,male,,2,1,TKT-87534,9.86,D111,S
384,1,2,Passenger_383,male,42.4,1,0,TKT-19319,126.16,,C
385,0,1,Passenger_384,male,22.4,0,0,TKT-99919,33.36,,C
386,0,1,Passenger_385,female,19.9,1,1,TKT-22441,27.81,,S
387,1,2,Passenger_386,male,55.6,0,2,TKT-77178,28.7,,S
388,0,2,Passenger_387,male,27.5,0,0,TKT-78312,12.76,,S
389,0,3,Passenger_388,female,28.5,1,0,TKT-25862,45.59,,C
390,0,2,Passenger_389,male,,0,0,TKT-32103,7.83,,C
391,0,3,Passenger_390,female,,0,0,TKT-12510,32.26,,S
392,0,3,Passenger_391,male,59.4,0,0,TKT-35691,32.06,C73,S
393,0,3,Passenger_392,female,47.0,0,0,TKT-79938,83.58,,Q
394,0,2,Passenger_393,male,69.0,0,0,TKT-72991,28.9,B37,C
395,0,3,Passenger_394,male,15.8,0,0,TKT-41372,9.72,,S
396,0,3,Passenger_395,female,38.2,0,0,TKT-69309,32.21,,S
397,0,3,Passenger_396,male,30.1,0,0,TKT-44050,8.06,,S
398,0,2,Passenger_397,male,4.2,0,0,TKT-28377,12.29,,S
399,1,1,Passenger_398,male,,0,0,TKT-59336,6.01,,S
400,0,3,Passenger_399,male,22.1,0,0,TKT-76312,28.04,,S
401,1,1,Passenger_400,female,50.5,1,0,TKT-59219,7.83,,S
402,0,3,Passenger_401,male,,0,1,TKT-98595,25.28,,S
403,1,1,Passenger_402,female,,0,0,TKT-95941,91.47,,S
404,0,3,Passenger_403,male,50.5,0,3,TKT-60229,45.71,,S
405,0,3,Passenger_404,male,,0,0,TKT-66679,7.58,,C
406,0,3,Passenger_405,male,45.3,0,0,TKT-57648,13.12,,S
407,0,3,Passenger_406,female,34.9,2,0,TKT-26698,40.83,E66,S
408,1,3,Passenger_407,female,35.1,2,0,TKT-18083,77.03,,S
409,0,3,Passenger_408,male,25.6,1,1,TKT-46169,6.07,,C
410,0,3,Passenger_409,female,36.0,2,2,TKT-23702,58.56,,C
411,0,3,Passenger_410,male,27.2,0,3,TKT-99574,31.4,,S
412,0,3,Passenger_411,male,17.7,0,0,TKT-42022,30.28,A109,Q
413,1,2,Passenger_412,female,27.5,1,0,TKT-67543,106.3,,S
414,1,3,Passenger_413,female,47.0,1,0,TKT-93955,49.06,,Q
415,1,1,Passenger_414,female,36.5,1,0,TKT-76710,65.73,A91,S
416,0,2,Passenger_415,male,39.8,1,0,TKT-97416,18.98,,S
417,0,3,Passenger_416,male,29.0,4,1,TKT-8203,30.86,,S
418,0,3,Passenger_417,male,1.9,0,2,TKT-60772,35.58,,S
419,0,3,Passenger_418,male,,1,0,TKT-37492,17.42,,S
420,1,2,Passenger_419,female,25.0,1,0,TKT-95525,32.03,,C
421,1,1,Passenger_420,male,,1,0,TKT-93867,13.64,,C
422,1,3,Passenger_421,female,21.7,0,0,TKT-89519,9.95,C51,S
423,1,1,Passenger_422,male,21.2,1,0,TKT-59636,19.99,,S
424,0,3,Passenger_423,male,,1,2,TKT-56639,48.02,,S
425,1,1,Passenger_424,female,49.1,0,0,TKT-96271,84.33,,S
426,0,2,Passenger_425,male,28.3,0,0,TKT-41685,24.58,C50,S
427,0,3,Passenger_426,female,42.1,0,0,TKT-87429,37.94,,S
428,0,1,Passenger_427,male,31.3,3,0,TKT-16739,8.48,,C
429,0,2,Passenger_428,female,48.8,0,2,TKT-30917,80.14,,S
430,0,2,Passenger_429,male,43.3,0,0,TKT-21704,31.9,,S
431,0,3,Passenger_430,male,20.7,0,3,TKT-96688,53.5,,S
432,0,3,Passenger_431,female,,0,0,TKT-59521,55.62,D109,S
433,1,1,Passenger_432,female,,0,0,TKT-48383,14.48,,S
434,1,1,Passenger_433,male,31.8,0,0,TKT-73742,29.1,,C
435,0,3,Passenger_434,male,34.3,2,0,TKT-89792,108.39,C78,S
436,0,2,Passenger_435,male,35.8,1,1,TKT-25307,8.01,,S
437,0,3,Passenger_436,male,40.1,0,1,TKT-5716,41.77,,C
438,0,1,Passenger_437,female,,4,1,TKT-57270,109.87,,S
439,1,1,Passenger_438,female,39.0,1,0,TKT-19920,16.44,,C
440,0,3,Passenger_439,male,37.1,0,2,TKT-38871,68.25,B18,S
441,0,1,Passenger_440,male,29.0,0,3,TKT-43928,91.81,C65,S
442,0,3,Passenger_441,female,26.3,0,0,TKT-90000,48.99,,C
443,0,1,Passenger_442,male,17.7,1,2,TKT-14587,13.42,,S
444,1,1,Passenger_443,male,35.7,0,0,TKT-2195,18.01,,S
445,0,3,Passenger_444,male,19.8,0,0,TKT-26083,6.17,,S
446,0,2,Passenger_445,male,32.3,1,0,TKT-23438,61.98,,C
447,0,3,Passenger_446,male,,0,2,TKT-21009,65.62,,S
448,0,1,Passenger_447,female,10.3,1,0,TKT-87679,37.05,,S
449,0,3,Passenger_448,male,,1,0,TKT-14696,18.91,,C
450,0,3,Passenger_449,male,,0,0,TKT-8564,7.56,,S
451,1,2,Passenger_450,female,21.7,1,0,TKT-4637,49.76,D83,C
452,0,3,Passenger_451,male,21.2,0,0,TKT-63759,46.49,,C
453,0,3,Passenger_452,male,18.3,0,0,TKT-18790,82.99,,S
454,0,2,Passenger_453,male,18.8,0,0,TKT-94695,46.96,,C
455,0,3,Passenger_454,male,52.0,0,3,TKT-72050,61.46,B73,S
456,0,3,Passenger_455,female,13.3,3,1,TKT-57924,48.85,,S
457,1,1,Passenger_456,female,,0,1,TKT-88299,36.88,,S
458,0,2,Passenger_457,male,24.4,0,0,TKT-13568,22.82,,S
459,0,2,Passenger_458,female,19.8,2,0,TKT-94539,79.37,,C
460,0,2,Passenger_459,male,34.4,0,0,TKT-71847,38.68,B8,S
461,1,3,Passenger_460,female,,1,0,TKT-42596,21.26,,S
462,0,3,Passenger_461,male,26.2,0,2,TKT-39315,7.79,,Q
463,0,3,Passenger_462,male,,1,0,TKT-18191,15.99,,S
464,0,2,Passenger_463,male,29.5,0,2,TKT-21908,30.11,,S
465,0,2,Passenger_464,male,26.0,0,0,TKT-2415,15.32,,S
466,0,3,Passenger_465,male,42.1,0,1,TKT-41276,13.0,,Q
467,0,3,Passenger_466,male,8.7,0,0,TKT-48650,28.98,,C
468,1,3,Passenger_467,female,16.2,1,0,TKT-65427,10.96,,C
469,0,1,Passenger_468,male,18.0,0,0,TKT-85369,56.57,,S
470,0,2,Passenger_469,female,14.2,0,0,TKT-16406,26.2,,C
471,1,2,Passenger_470,male,30.2,0,0,TKT-30336,32.3,,S
472,0,3,Passenger_471,female,,1,0,TKT-95957,10.1,,C
473,1,2,Passenger_472,female,1.5,1,0,TKT-78316,17.56,,S
474,0,3,Passenger_473,female,22.4,0,2,TKT-40871,21.89,,S
475,0,3,Passenger_474,female,24.5,0,0,TKT-13221,57.84,E58,S
476,0,2,Passenger_475,female,25.0,0,0,TKT-22116,52.05,,S
477,1,3,Passenger_476,male,11.0,0,0,TKT-40790,13.07,D53,S
478,0,3,Passenger_477,male,24.6,0,0,TKT-80958,35.64,,Q
479,1,3,Passenger_478,male,16.2,0,0,TKT-42474,13.93,,S
480,0,1,Passenger_479,male,24.3,0,0,TKT-88019,147.2,,C
481,1,2,Passenger_480,male,4.9,2,0,TKT-41100,102.25,,S
482,0,2,Passenger_481,female,,0,0,TKT-6416,31.51,,C
483,1,1,Passenger_482,male,18.9,1,0,TKT-16251,43.41,D95,C
484,0,3,Passenger_483,male,,0,0,TKT-28074,56.73,A17,S
485,0,3,Passenger_484,male,33.2,2,0,TKT-66447,45.85,,S
486,0,2,Passenger_485,female,28.4,0,0,TKT-58684,43.51,,S
487,0,3,Passenger_486,male,40.1,0,0,TKT-78700,106.87,A10,S
488,0,3,Passenger_487,male,23.9,1,0,TKT-55822,34.04,A34,S
489,1,2,Passenger_488,male,37.7,0,0,TKT-69004,37.37,,C
490,1,1,Passenger_489,female,,0,0,TKT-52580,65.55,,Q
491,0,3,Passenger_490,female,32.8,0,0,TKT-56300,40.47,,S
492,0,3,Passenger_491,female,28.7,1,3,TKT-44655,47.25,,S
493,1,3,Passenger_492,female,34.8,0,0,TKT-3027,13.54,,C
494,1,1,Passenger_493,male,33.3,1,0,TKT-90091,19.85,,S
495,1,1,Passenger_494,female,43.0,0,0,TKT-12944,10.1,,S
496,0,1,Passenger_495,male,40.1,0,0,TKT-1315,27.55,,C
497,0,3,Passenger_496,male,40.3,0,0,TKT-80669,24.47,,S
498,0,3,Passenger_497,male,29.6,0,1,TKT-37757,192.68,A61,S
499,1,1,Passenger_498,male,33.8,0,2,TKT-99834,35.23,A68,C
500,1,3,Passenger_499,female,33.5,0,0,TKT-25268,54.4,,S
501,0,3,Passenger_500,male,12.1,0,0,TKT-52011,18.01,,C
502,0,3,Passenger_501,female,44.0,0,1,TKT-65544,61.99,,S
503,0,3,Passenger_502,male,,0,2,TKT-71293,35.55,,S
504,1,1,Passenger_503,male,39.0,1,0,TKT-41640,43.21,,Q
505,0,3,Passenger_504,male,32.7,1,0,TKT-30967,16.16,,S
506,1,1,Passenger_505,female,,1,0,TKT-92331,30.46,,C
507,0,2,Passenger_506,female,,0,0,TKT-29798,37.17,,C
508,0,3,Passenger_507,male,34.9,1,0,TKT-62788,33.46,,S
509,0,3,Passenger_508,male,10.7,0,2,TKT-32461,83.96,A12,S
510,0,3,Passenger_509,male,48.8,0,0,TKT-83163,78.13,,S
511,0,3,Passenger_510,male,30.0,1,1,TKT-64496,118.28,,C
512,1,3,Passenger_511,female,61.4,2,0,TKT-92897,40.23,,S
513,0,3,Passenger_512,male,40.1,0,0,TKT-67247,119.32,,S
514,1,1,Passenger_513,female,29.7,0,0,TKT-12085,62.17,,S
515,0,3,Passenger_514,male,19.3,0,0,TKT-94262,15.11,C53,S
516,0,3,Passenger_515,male,,0,0,TKT-74460,22.84,,C
517,0,3,Passenger_516,female,31.1,1,0,TKT-82085,13.71,A78,C
518,1,2,Passenger_517,male,49.5,0,1,TKT-59852,5.13,,nan
519,1,3,Passenger_518,male,46.2,1,1,TKT-74998,11.67,,S
520,0,3,Passenger_519,male,35.3,0,0,TKT-3560,5.13,,C
521,0,3,Passenger_520,male,,1,0,TKT-88059,45.72,,S
522,0,3,Passenger_521,female,1.0,2,0,TKT-20944,22.74,,S
523,1,1,Passenger_522,male,35.5,0,3,TKT-68713,16.99,E54,S
524,0,3,Passenger_523,female,46.6,0,0,TKT-61161,50.9,,C
525,0,3,Passenger_524,male,36.7,1,0,TKT-21098,62.17,,C
526,0,3,Passenger_525,male,10.3,0,0,TKT-28475,123.43,D68,Q
527,0,3,Passenger_526,male,48.5,1,0,TKT-43736,37.87,,C
528,0,3,Passenger_527,male,39.7,0,0,TKT-98983,24.81,,C
529,0,3,Passenger_528,female,33.8,0,1,TKT-22416,16.66,,S
530,0,3,Passenger_529,female,30.2,1,1,TKT-80656,13.05,,C
531,0,1,Passenger_530,male,56.9,0,0,TKT-3948,12.66,,S
532,1,3,Passenger_531,female,,2,0,TKT-3520,21.84,,S
533,0,2,Passenger_532,female,25.6,0,0,TKT-73805,158.66,,S
534,0,2,Passenger_533,male,17.6,1,2,TKT-93497,5.03,,S
535,1,3,Passenger_534,female,39.6,0,0,TKT-63976,12.03,,S
536,0,2,Passenger_535,male,42.8,0,0,TKT-14336,11.68,,S
537,0,3,Passenger_536,male,29.8,0,0,TKT-61112,45.41,,S
538,0,2,Passenger_537,male,,1,0,TKT-15020,18.91,D28,Q
539,0,1,Passenger_538,male,47.6,0,0,TKT-93816,24.56,,C
540,0,3,Passenger_539,male,16.6,1,0,TKT-65566,10.15,D57,S
541,0,1,Passenger_540,male,56.6,0,0,TKT-17746,21.61,,S
542,0,3,Passenger_541,male,18.7,1,0,TKT-68792,8.49,,S
543,1,2,Passenger_542,female,11.1,1,0,TKT-94248,29.37,,S
544,0,2,Passenger_543,female,12.9,0,0,TKT-79372,8.3,A5,S
545,1,1,Passenger_544,female,,0,0,TKT-26711,55.02,,Q
546,0,2,Passenger_545,male,25.7,0,0,TKT-5358,31.76,D119,S
547,0,3,Passenger_546,male,,0,0,TKT-12339,46.19,C80,S
548,1,1,Passenger_547,male,43.3,0,2,TKT-33039,22.35,,S
549,0,3,Passenger_548,male,41.3,1,0,TKT-22245,20.37,,S
550,0,3,Passenger_549,male,25.9,0,0,TKT-18259,8.31,,S
551,0,3,Passenger_550,male,72.4,1,0,TKT-62086,28.75,,S
552,0,3,Passenger_551,female,25.7,2,0,TKT-56107,28.12,,Q
553,1,1,Passenger_552,female,27.6,0,0,TKT-73665,25.2,C28,S
554,0,2,Passenger_553,male,11.1,0,0,TKT-54003,48.17,,S
555,0,3,Passenger_554,male,27.9,0,0,TKT-49789,62.18,,S
556,1,3,Passenger_555,female,33.2,1,0,TKT-41573,49.46,,S
557,0,3,Passenger_556,male,,0,1,TKT-56808,9.97,C47,S
558,1,3,Passenger_557,male,22.0,0,2,TKT-42588,36.14,,S
559,1,2,Passenger_558,male,33.6,3,2,TKT-77747,7.68,B116,S
560,1,1,Passenger_559,male,21.7,0,1,TKT-96733,42.96,B40,S
561,1,3,Passenger_560,male,18.7,1,2,TKT-82164,20.39,,S
562,1,3,Passenger_561,female,39.9,0,0,TKT-27300,9.55,,S
563,0,3,Passenger_562,female,,0,0,TKT-48092,68.39,,S
564,0,3,Passenger_563,male,13.8,1,0,TKT-84048,35.46,,S
565,0,2,Passenger_564,male,31.5,0,0,TKT-87481,19.02,,S
566,0,2,Passenger_565,female,40.8,1,2,TKT-87944,6.0,,S
567,0,3,Passenger_566,male,33.3,0,0,TKT-49408,29.66,,S
568,0,3,Passenger_567,male,25.9,1,0,TKT-86847,87.14,,S
569,0,3,Passenger_568,male,24.7,0,0,TKT-66124,34.03,,S
570,1,1,Passenger_569,male,43.1,0,2,TKT-36609,119.02,,S
571,1,1,Passenger_570,female,,0,0,TKT-12139,9.69,,S
572,0,3,Passenger_571,female,,0,2,TKT-39245,31.88,A108,Q
573,0,2,Passenger_572,male,25.1,0,0,TKT-51160,56.2,,C
574,0,3,Passenger_573,male,29.5,0,0,TKT-84146,28.86,,C
575,0,3,Passenger_574,male,18.8,0,0,TKT-51787,8.06,A9,C
576,0,3,Passenger_575,male,26.9,0,0,TKT-29952,32.98,D53,Q
577,1,2,Passenger_576,female,22.1,0,0,TKT-65403,35.27,,C
578,1,3,Passenger_577,female,,0,0,TKT-80104,46.75,,S
579,0,2,Passenger_578,male,22.6,0,0,TKT-91435,50.83,,S
580,0,1,Passenger_579,female,,3,0,TKT-78538,52.14,,S
581,1,1,Passenger_580,female,,0,0,TKT-8529,39.85,D26,S
582,0,2,Passenger_581,female,23.7,0,0,TKT-84605,12.78,,Q
583,0,3,Passenger_582,male,17.6,0,0,TKT-49478,21.57,E40,S
584,0,1,Passenger_583,male,39.0,1,0,TKT-63525,52.89,,C
585,1,1,Passenger_584,female,,0,0,TKT-70248,103.14,,S
586,0,3,Passenger_585,male,,0,0,TKT-66091,7.63,,S
587,1,1,Passenger_586,female,48.3,0,0,TKT-40826,29.54,,S
588,0,3,Passenger_587,female,21.1,0,0,TKT-58885,16.99,,S
589,1,2,Passenger_588,female,,1,0,TKT-20328,13.17,,S
590,1,1,Passenger_589,male,,0,2,TKT-84247,27.55,,C
591,1,3,Passenger_590,female,51.7,0,0,TKT-6906,34.81,A65,C
592,0,1,Passenger_591,male,24.6,1,3,TKT-30107,5.31,,C
593,0,3,Passenger_592,female,21.8,0,0,TKT-52412,53.48,,S
594,1,2,Passenger_593,male,29.4,1,0,TKT-84349,59.85,,C
595,0,1,Passenger_594,male,43.2,0,0,TKT-10153,112.75,B115,S
596,0,1,Passenger_595,female,27.8,1,1,TKT-47213,11.38,A90,S
597,1,1,Passenger_596,male,37.3,1,0,TKT-32679,33.89,,C
598,0,1,Passenger_597,male,26.4,0,0,TKT-96124,22.8,E9,S
599,1,3,Passenger_598,female,,1,1,TKT-90306,18.05,,S
600,1,3,Passenger_599,male,31.5,0,0,TKT-85388,31.68,B87,S
601,1,2,Passenger_600,male,,0,0,TKT-20612,53.8,,C
602,0,2,Passenger_601,male,32.6,0,0,TKT-31907,5.75,,S
603,0,3,Passenger_602,female,,0,0,TKT-96707,116.58,,S
604,0,3,Passenger_603,male,,1,0,TKT-54551,58.12,,S
605,0,3,Passenger_604,male,28.7,0,0,TKT-81984,49.51,,C
606,0,3,Passenger_605,male,10.9,2,0,TKT-4966,50.72,C100,C
607,1,2,Passenger_606,male,,0,0,TKT-55433,20.77,,S
608,0,2,Passenger_607,male,28.5,0,0,TKT-22401,49.57,,S
609,0,3,Passenger_608,male,48.9,0,0,TKT-22539,20.65,C69,S
610,0,3,Passenger_609,male,24.4,0,0,TKT-35018,78.27,,S
611,0,3,Passenger_610,male,28.7,1,0,TKT-60542,11.24,,S
612,0,2,Passenger_611,male,8.4,1,0,TKT-71224,16.07,,S
613,0,3,Passenger_612,female,13.5,1,0,TKT-64534,30.65,,S
614,0,3,Passenger_613,male,5.5,1,0,TKT-86993,17.3,A103,C
615,0,2,Passenger_614,male,44.1,0,0,TKT-37555,22.67,B49,S
616,0,3,Passenger_615,male,22.6,0,2,TKT-97915,26.7,,C
617,1,2,Passenger_616,male,47.6,1,0,TKT-11470,67.09,,C
618,1,1,Passenger_617,female,1.0,0,0,TKT-39426,28.7,E75,C
619,0,2,Passenger_618,female,50.7,0,0,TKT-75729,19.4,E47,S
620,0,2,Passenger_619,male,28.0,0,0,TKT-53924,14.11,E25,S
621,1,1,Passenger_620,male,,0,1,TKT-59954,21.81,,Q
622,0,3,Passenger_621,male,14.1,0,0,TKT-88613,28.2,,S
623,0,2,Passenger_622,male,36.4,1,0,TKT-37759,48.87,,S
624,1,3,Passenger_623,female,23.8,0,0,TKT-75831,9.13,,S
625,1,1,Passenger_624,male,12.3,0,0,TKT-15735,13.02,B96,S
626,0,1,Passenger_625,male,12.1,0,0,TKT-48011,20.28,,Q
627,0,3,Passenger_626,male,11.8,1,0,TKT-69568,19.3,D99,S
628,0,3,Passenger_627,male,34.3,2,0,TKT-37671,20.91,,S
629,0,3,Passenger_628,female,20.1,1,0,TKT-96433,55.48,B34,C
630,0,3,Passenger_629,male,6.0,0,0,TKT-26836,17.54,,Q
631,0,2,Passenger_630,female,34.2,2,0,TKT-87814,27.3,,S
632,0,2,Passenger_631,male,1.0,0,0,TKT-88438,36.29,,S
633,0,3,Passenger_632,male,47.6,1,0,TKT-61854,13.45,,S
634,0,3,Passenger_633,male,56.8,1,2,TKT-52488,45.59,D92,S
635,1,3,Passenger_634,female,10.6,0,0,TKT-37091,30.35,,C
636,0,3,Passenger_635,male,43.7,0,2,TKT-8120,23.94,,S
637,0,3,Passenger_636,male,33.9,0,0,TKT-8859,58.11,A27,S
638,0,2,Passenger_637,female,22.0,0,1,TKT-99403,13.93,D80,S
639,0,3,Passenger_638,male,22.7,1,0,TKT-31611,73.71,,S
640,1,3,Passenger_639,female,,1,0,TKT-46477,31.35,C82,S
641,0,3,Passenger_640,male,28.4,1,1,TKT-7786,35.06,,S
642,1,1,Passenger_641,female,1.0,0,2,TKT-99997,71.56,,C
643,0,2,Passenger_642,male,58.0,0,0,TKT-22185,59.45,,S
644,0,1,Passenger_643,female,,0,0,TKT-97726,34.45,,Q
645,1,1,Passenger_644,female,28.3,0,0,TKT-70245,49.77,,S
646,0,3,Passenger_645,male,18.9,0,2,TKT-85690,23.17,,S
647,1,1,Passenger_646,female,,0,0,TKT-64906,30.37,,S
648,1,1,Passenger_647,female,,0,0,TKT-87395,7.05,A88,S
649,1,2,Passenger_648,male,32.7,3,0,TKT-70745,8.01,,S
650,0,3,Passenger_649,male,34.3,0,1,TKT-89915,61.59,B90,S
651,0,3,Passenger_650,male,11.5,1,0,TKT-81382,6.97,B111,C
652,1,1,Passenger_651,female,,0,0,TKT-19003,10.94,,C
653,1,1,Passenger_652,female,29.7,0,2,TKT-91962,55.84,,S
654,0,1,Passenger_653,male,38.8,1,0,TKT-92087,5.04,,S
655,0,3,Passenger_654,male,23.2,1,0,TKT-85436,15.62,E3,C
656,0,2,Passenger_655,male,42.0,0,0,TKT-78916,33.07,,S
657,0,3,Passenger_656,male,13.0,0,0,TKT-10707,33.96,,Q
658,0,3,Passenger_657,male,30.0,0,0,TKT-25379,53.04,C11,C
659,1,1,Passenger_658,male,27.6,0,0,TKT-51277,27.56,,S
660,0,3,Passenger_659,male,7.8,2,0,TKT-91604,27.79,,S
661,0,2,Passenger_660,male,,0,0,TKT-73442,46.35,,S
662,1,3,Passenger_661,female,20.8,0,0,TKT-82431,27.09,D79,C
663,0,2,Passenger_662,female,48.8,1,0,TKT-55756,35.01,A38,S
664,0,3,Passenger_663,female,23.3,0,0,TKT-85956,77.98,,C
665,1,3,Passenger_664,female,33.9,0,0,TKT-81748,21.42,,S
666,0,3,Passenger_665,male,,0,0,TKT-80859,20.56,C18,S
667,0,2,Passenger_666,male,,0,0,TKT-99470,5.11,C46,S
668,1,2,Passenger_667,male,23.2,0,0,TKT-62579,35.41,A56,S
669,1,3,Passenger_668,female,18.1,0,1,TKT-73884,5.97,,S
670,1,3,Passenger_669,female,68.7,0,0,TKT-67111,27.45,D7,S
671,1,3,Passenger_670,female,24.1,1,0,TKT-40939,57.19,,S
672,1,1,Passenger_671,female,,1,0,TKT-16748,30.55,,S
673,1,1,Passenger_672,male,41.6,0,0,TKT-69879,15.05,,S
674,0,3,Passenger_673,male,,0,0,TKT-43115,54.36,,S
675,0,1,Passenger_674,male,34.6,0,0,TKT-63023,15.06,D54,S
676,0,2,Passenger_675,male,36.1,0,0,TKT-91927,47.26,,S
677,1,1,Passenger_676,male,32.4,1,0,TKT-88943,35.15,C97,C
678,0,3,Passenger_677,female,61.1,0,0,TKT-60984,10.96,,C
679,0,3,Passenger_678,male,17.7,0,0,TKT-43495,80.37,,S
680,0,3,Passenger_679,male,50.5,0,0,TKT-41747,12.17,,S
681,1,2,Passenger_680,male,35.6,0,0,TKT-75690,151.07,,C
682,0,3,Passenger_681,male,,0,2,TKT-61378,5.23,,C
683,0,3,Passenger_682,male,33.8,1,1,TKT-22555,14.79,,C
684,0,1,Passenger_683,male,55.3,2,1,TKT-27623,12.14,,S
685,0,3,Passenger_684,male,24.5,1,2,TKT-38309,5.45,,S
686,1,2,Passenger_685,female,36.0,2,0,TKT-86780,47.18,A100,S
687,0,1,Passenger_686,male,47.3,1,1,TKT-51666,42.83,,C
688,0,2,Passenger_687,male,,0,0,TKT-94463,55.3,,S
689,1,1,Passenger_688,female,43.0,0,0,TKT-2067,14.49,,S
690,1,3,Passenger_689,female,28.7,1,1,TKT-18265,23.8,E4,S
691,1,2,Passenger_690,female,11.7,0,0,TKT-73445,39.44,,S
692,0,2,Passenger_691,male,8.7,0,3,TKT-22416,23.54,,S
693,0,1,Passenger_692,male,,0,0,TKT-80772,43.24,D105,S
694,0,3,Passenger_693,male,,0,0,TKT-97901,37.16,,S
695,1,3,Passenger_694,male,,0,0,TKT-53791,8.9,,S
696,0,3,Passenger_695,female,31.8,0,0,TKT-27125,53.6,C52,S
697,0,3,Passenger_696,male,41.5,0,0,TKT-77465,45.81,,S
698,0,2,Passenger_697,male,11.1,1,1,TKT-54709,39.13,,S
699,0,1,Passenger_698,male,20.1,0,0,TKT-42060,10.39,,S
700,0,3,Passenger_699,male,37.0,1,0,TKT-32411,14.98,C61,S
701,1,1,Passenger_700,male,40.9,0,0,TKT-81855,20.98,,S
702,1,1,Passenger_701,female,51.5,0,0,TKT-53684,15.51,,S
703,0,3,Passenger_702,female,20.8,0,0,TKT-36584,13.27,,S
704,0,1,Passenger_703,female,17.6,0,0,TKT-72947,57.37,,S
705,0,2,Passenger_704,male,,0,0,TKT-32602,37.54,,S
706,0,3,Passenger_705,male,18.4,1,0,TKT-73740,31.67,,S
707,0,2,Passenger_706,male,36.1,1,0,TKT-19899,13.2,,S
708,0,3,Passenger_707,male,59.6,2,0,TKT-91053,85.06,,S
709,0,3,Passenger_708,female,39.5,0,0,TKT-70588,11.79,,C
710,0,3,Passenger_709,male,40.0,0,0,TKT-50410,55.7,,S
711,0,3,Passenger_710,female,46.9,0,1,TKT-58852,113.84,E31,S
712,0,2,Passenger_711,male,36.3,0,0,TKT-39554,46.56,,S
713,1,2,Passenger_712,male,,0,0,TKT-13013,163.14,,C
714,1,2,Passenger_713,male,24.2,0,0,TKT-46364,38.69,,S
715,0,2,Passenger_714,male,45.2,0,0,TKT-48213,12.85,,S
716,0,3,Passenger_715,female,34.8,0,0,TKT-37494,12.29,E18,S
717,0,3,Passenger_716,male,8.3,0,0,TKT-1678,17.56,B63,S
718,1,1,Passenger_717,female,32.4,0,1,TKT-31352,5.23,,Q
719,0,1,Passenger_718,female,1.0,0,0,TKT-46797,41.63,,S
720,0,1,Passenger_719,male,,1,0,TKT-10098,15.01,,C
721,1,2,Passenger_720,female,25.7,0,0,TKT-9459,59.03,C9,S
722,0,1,Passenger_721,male,55.7,0,0,TKT-39894,19.24,,S
723,1,3,Passenger_722,female,35.9,0,2,TKT-94215,25.92,,S
724,1,3,Passenger_723,female,41.9,0,0,TKT-99202,112.91,,S
725,1,3,Passenger_724,female,14.3,1,3,TKT-79763,13.87,D101,S
726,0,1,Passenger_725,male,38.6,1,0,TKT-71442,45.88,,S
727,0,2,Passenger_726,male,20.0,0,0,TKT-8898,50.02,,S
728,1,3,Passenger_727,male,44.3,0,0,TKT-51352,12.99,,C
729,0,3,Passenger_728,male,13.3,2,0,TKT-48207,27.24,,S
730,0,3,Passenger_729,female,30.5,0,0,TKT-34884,18.79,,S
731,0,3,Passenger_730,female,12.8,1,0,TKT-72880,52.3,E62,S
732,0,3,Passenger_731,male,30.8,0,0,TKT-28366,36.17,D3,S
733,0,3,Passenger_732,male,,0,0,TKT-11836,25.68,,S
734,1,1,Passenger_733,male,39.1,1,0,TKT-18442,53.36,E11,S
735,0,3,Passenger_734,male,28.5,1,0,TKT-57436,13.58,,Q
736,0,2,Passenger_735,male,1.0,1,1,TKT-41920,49.83,,S
737,1,2,Passenger_736,male,21.5,0,0,TKT-13686,69.17,D109,S
738,1,3,Passenger_737,female,35.6,0,0,TKT-44604,72.48,,S
739,0,2,Passenger_738,male,21.8,1,0,TKT-11356,53.99,,C
740,1,1,Passenger_739,male,,0,0,TKT-42163,21.78,C10,S
741,1,1,Passenger_740,female,30.0,0,0,TKT-28793,133.22,,S
742,1,1,Passenger_741,male,44.1,1,0,TKT-3491,20.28,,Q
743,1,1,Passenger_742,male,31.9,0,0,TKT-87742,37.57,D39,C
744,1,1,Passenger_743,female,25.1,0,0,TKT-60382,10.62,,S
745,0,1,Passenger_744,female,22.4,1,0,TKT-80464,130.91,,Q
746,1,1,Passenger_745,male,14.8,4,0,TKT-40772,43.96,,S
747,0,3,Passenger_746,male,,0,1,TKT-78096,49.8,,S
748,0,2,Passenger_747,female,23.0,0,0,TKT-8011,7.18,,S
749,0,1,Passenger_748,female,,1,0,TKT-88620,51.13,A71,C
750,0,3,Passenger_749,male,21.6,1,0,TKT-45518,52.69,,S
751,0,3,Passenger_750,male,,1,1,TKT-29633,40.65,,S
752,0,3,Passenger_751,male,36.8,0,0,TKT-5862,16.05,,Q
753,0,2,Passenger_752,male,18.5,0,0,TKT-39118,26.53,,S
754,0,3,Passenger_753,male,23.4,0,2,TKT-64849,8.74,C8,C
755,0,3,Passenger_754,male,11.5,1,0,TKT-79218,25.41,,S
756,0,3,Passenger_755,male,22.1,1,0,TKT-46303,13.94,D13,S
757,1,3,Passenger_756,female,29.3,0,0,TKT-12703,18.74,,S
758,0,3,Passenger_757,male,25.0,0,1,TKT-16096,10.68,,C
759,0,3,Passenger_758,female,40.5,0,1,TKT-61047,13.37,,S
760,0,3,Passenger_759,female,31.0,3,0,TKT-80642,7.55,,S
761,1,2,Passenger_760,male,,0,0,TKT-66891,85.78,,S
762,0,3,Passenger_761,female,,0,0,TKT-9432,29.19,,C
763,0,3,Passenger_762,female,4.7,0,0,TKT-16700,21.17,E100,S
764,1,1,Passenger_763,male,26.0,0,0,TKT-57862,29.5,,S
765,0,3,Passenger_764,male,27.2,0,0,TKT-26196,36.67,E66,S
766,1,1,Passenger_765,male,20.4,1,2,TKT-98186,86.58,,C
767,0,3,Passenger_766,female,30.0,1,0,TKT-47618,11.3,,S
768,0,3,Passenger_767,male,20.0,0,0,TKT-83774,16.21,,S
769,0,1,Passenger_768,male,33.7,0,0,TKT-60658,124.07,,Q
770,1,3,Passenger_769,female,2.3,1,0,TKT-94312,19.85,D26,C
771,0,1,Passenger_770,male,,0,0,TKT-7704,5.73,,S
772,0,2,Passenger_771,male,,0,0,TKT-86544,10.11,,nan
773,1,1,Passenger_772,female,25.3,2,0,TKT-16379,5.85,,S
774,1,2,Passenger_773,male,18.7,1,0,TKT-55598,152.12,,S
775,1,2,Passenger_774,female,33.3,1,0,TKT-43020,15.46,B51,S
776,0,3,Passenger_775,female,,0,1,TKT-9573,87.27,,S
777,0,3,Passenger_776,male,32.5,0,0,TKT-23415,180.79,,C
778,1,1,Passenger_777,male,,0,0,TKT-89102,34.31,,S
779,1,3,Passenger_778,female,,0,0,TKT-67668,6.08,E98,S
780,0,1,Passenger_779,female,29.5,1,0,TKT-52628,7.72,,S
781,1,1,Passenger_780,male,35.4,0,0,TKT-53287,26.02,,S
782,1,1,Passenger_781,male,56.4,1,0,TKT-1944,21.68,,S
783,0,3,Passenger_782,male,40.3,0,3,TKT-6840,34.82,A118,S
784,0,3,Passenger_783,female,24.9,0,0,TKT-54114,23.49,,S
785,1,1,Passenger_784,female,46.9,3,0,TKT-40442,92.02,,C
786,0,1,Passenger_785,male,34.5,0,0,TKT-44489,29.49,,S
787,0,2,Passenger_786,female,15.5,0,0,TKT-46261,42.86,,S
788,0,3,Passenger_787,male,26.5,0,0,TKT-45278,77.58,,S
789,0,3,Passenger_788,female,,0,0,TKT-34602,10.08,,S
790,1,1,Passenger_789,male,1.0,0,2,TKT-21134,13.35,,Q
791,0,3,Passenger_790,male,,0,2,TKT-70720,8.63,,C
792,1,2,Passenger_791,male,,1,0,TKT-94499,9.81,,S
793,0,3,Passenger_792,male,30.8,1,0,TKT-73714,28.0,B70,S
794,0,3,Passenger_793,female,9.2,0,0,TKT-71704,17.4,D20,S
795,0,2,Passenger_794,male,,0,1,TKT-33654,22.61,A20,S
796,0,3,Passenger_795,male,,0,0,TKT-71527,134.44,,S
797,0,3,Passenger_796,male,30.3,0,0,TKT-9146,10.45,,C
798,0,2,Passenger_797,male,50.8,0,1,TKT-71826,29.91,C26,C
799,0,2,Passenger_798,female,50.0,1,0,TKT-58550,8.33,,S
800,0,3,Passenger_799,female,39.3,0,0,TKT-91085,17.27,,C
801,0,1,Passenger_800,male,29.8,1,2,TKT-81380,28.99,B82,C
802,1,1,Passenger_801,male,23.4,2,2,TKT-95418,98.78,,C
803,0,3,Passenger_802,male,39.1,1,0,TKT-66564,20.88,,Q
804,0,3,Passenger_803,female,,0,0,TKT-58531,7.15,,S
805,1,3,Passenger_804,female,20.7,0,3,TKT-84780,20.72,,S
806,1,3,Passenger_805,female,1.0,2,0,TKT-8934,10.04,,C
807,1,3,Passenger_806,female,,0,0,TKT-96381,13.36,B117,C
808,1,1,Passenger_807,female,44.4,1,0,TKT-49049,35.8,,Q
809,0,3,Passenger_808,female,,0,2,TKT-56280,7.23,,S
810,0,3,Passenger_809,male,,0,0,TKT-86934,25.0,A46,S
811,0,1,Passenger_810,male,16.6,1,0,TKT-96597,35.09,,S
812,0,1,Passenger_811,male,41.6,1,3,TKT-54404,22.53,,S
813,0,1,Passenger_812,male,28.8,1,0,TKT-3127,5.62,,S
814,0,3,Passenger_813,male,23.9,2,1,TKT-76619,140.52,A78,S
815,0,3,Passenger_814,male,8.6,0,0,TKT-63736,19.64,,S
816,0,3,Passenger_815,male,58.5,0,0,TKT-20091,53.25,,S
817,0,3,Passenger_816,male,39.3,1,0,TKT-10933,17.61,,S
818,1,1,Passenger_817,male,,0,0,TKT-16877,25.62,,S
819,0,3,Passenger_818,male,16.9,1,0,TKT-35581,20.74,,S
820,0,3,Passenger_819,female,30.1,0,1,TKT-13519,18.42,,S
821,0,2,Passenger_820,female,,0,0,TKT-74352,5.71,,Q
822,0,3,Passenger_821,female,,0,1,TKT-9351,19.28,,S
823,1,2,Passenger_822,male,,0,0,TKT-16648,75.48,,S
824,0,3,Passenger_823,male,8.9,1,0,TKT-58548,42.52,,C
825,0,3,Passenger_824,male,14.0,1,0,TKT-93997,10.03,,S
826,1,3,Passenger_825,female,38.0,0,0,TKT-63823,33.62,D34,S
827,0,3,Passenger_826,male,21.9,0,0,TKT-45480,76.29,D72,S
828,0,1,Passenger_827,male,40.4,0,1,TKT-40017,43.53,B19,Q
829,0,3,Passenger_828,female,23.8,0,0,TKT-81977,10.15,,S
830,0,2,Passenger_829,male,11.5,0,0,TKT-40253,69.76,,Q
831,0,3,Passenger_830,male,4.4,0,0,TKT-75713,16.48,,C
832,0,3,Passenger_831,male,35.8,0,0,TKT-87967,24.37,,S
833,0,3,Passenger_832,male,36.1,0,0,TKT-22924,28.9,,S
834,0,1,Passenger_833,male,42.6,0,0,TKT-35864,65.82,,S
835,0,3,Passenger_834,male,33.6,0,0,TKT-13493,90.84,,S
836,1,3,Passenger_835,female,1.0,0,1,TKT-6337,89.94,,S
837,0,3,Passenger_836,female,36.0,0,0,TKT-64281,5.26,,Q
838,0,1,Passenger_837,male,8.6,0,0,TKT-17035,86.59,,S
839,1,1,Passenger_838,female,2.9,2,0,TKT-89854,6.79,,S
840,1,1,Passenger_839,male,1.2,0,2,TKT-70318,14.89,,C
841,0,3,Passenger_840,male,1.0,1,0,TKT-80334,28.15,E7,S
842,0,3,Passenger_841,male,32.9,0,0,TKT-20884,25.92,,S
843,0,3,Passenger_842,male,,1,0,TKT-10074,34.7,,C
844,1,2,Passenger_843,male,7.7,0,3,TKT-93885,25.89,C75,C
845,0,2,Passenger_844,male,29.3,1,0,TKT-27907,92.16,,S
846,0,3,Passenger_845,female,13.5,0,0,TKT-88525,13.81,,Q
847,0,3,Passenger_846,male,42.7,1,0,TKT-9624,15.25,,S
848,0,3,Passenger_847,male,49.3,0,0,TKT-74425,86.12,,S
849,1,3,Passenger_848,female,26.0,0,0,TKT-28256,7.56,,S
850,0,2,Passenger_849,male,,1,0,TKT-11455,35.1,,S
851,0,3,Passenger_850,male,48.3,0,0,TKT-12194,41.64,,S
852,0,3,Passenger_851,female,30.2,2,0,TKT-22622,27.54,D112,S
853,0,3,Passenger_852,male,53.3,0,0,TKT-93524,42.92,,C
854,0,1,Passenger_853,male,20.3,0,0,TKT-51969,11.07,,S
855,1,1,Passenger_854,male,1.6,1,0,TKT-74106,66.27,,C
856,0,1,Passenger_855,male,7.2,0,2,TKT-22487,9.83,,S
857,0,3,Passenger_856,male,19.7,0,0,TKT-1617,21.39,B11,Q
858,1,1,Passenger_857,male,36.5,1,1,TKT-7285,7.5,,S
859,1,2,Passenger_858,female,12.8,1,0,TKT-34224,30.21,E68,S
860,1,2,Passenger_859,female,19.5,2,2,TKT-67036,40.45,,S
861,0,3,Passenger_860,male,,0,0,TKT-58226,95.69,A79,C
862,1,2,Passenger_861,female,,0,0,TKT-29994,48.02,,C
863,0,3,Passenger_862,female,,0,0,TKT-63439,29.93,,S
864,0,1,Passenger_863,male,34.0,0,0,TKT-52467,91.32,,S
865,0,1,Passenger_864,male,20.9,1,0,TKT-24014,25.83,B51,S
866,0,3,Passenger_865,male,46.1,0,0,TKT-71509,31.36,,Q
867,0,2,Passenger_866,female,29.4,0,0,TKT-71310,34.01,C85,Q
868,1,2,Passenger_867,male,30.9,0,0,TKT-82055,21.88,,Q
869,1,1,Passenger_868,female,45.0,1,0,TKT-66254,63.34,,C
870,0,3,Passenger_869,male,24.2,2,0,TKT-48117,11.55,,C
871,0,3,Passenger_870,male,41.8,0,0,TKT-62594,30.9,,S
872,0,1,Passenger_871,male,40.8,0,0,TKT-87116,45.99,C88,C
873,1,1,Passenger_872,male,27.0,1,1,TKT-89635,79.98,,S
874,0,3,Passenger_873,female,9.5,0,0,TKT-51218,73.91,,Q
875,1,3,Passenger_874,female,29.2,0,0,TKT-47390,27.75,,S
876,0,2,Passenger_875,male,,0,1,TKT-38484,37.98,,S
877,1,3,Passenger_876,female,40.5,0,0,TKT-43588,21.04,,S
878,0,3,Passenger_877,female,52.9,0,0,TKT-14302,25.21,,S
879,0,3,Passenger_878,male,22.1,1,1,TKT-56760,80.75,,S
880,0,3,Passenger_879,female,39.9,0,0,TKT-4234,90.42,,S
881,1,2,Passenger_880,male,14.9,0,0,TKT-7494,77.25,,S
882,0,1,Passenger_881,male,,1,2,TKT-60625,9.77,,S
883,1,3,Passenger_882,male,44.5,1,2,TKT-15239,65.73,,S
884,0,3,Passenger_883,female,,0,0,TKT-71034,99.83,,S
885,0,1,Passenger_884,male,30.4,0,0,TKT-71803,19.34,,Q
886,0,3,Passenger_885,female,,0,0,TKT-56323,28.4,,C
887,0,3,Passenger_886,female,15.1,0,0,TKT-13546,53.32,,S
888,0,3,Passenger_887,male,25.8,0,0,TKT-25479,31.42,,C
889,0,3,Passenger_888,male,10.7,0,0,TKT-37437,166.07,D54,C
890,0,3,Passenger_889,male,,0,2,TKT-54867,24.46,,S
891,0,2,Passenger_890,male,3.7,0,1,TKT-10657,45.05,,S
